{
  "//": {
    "metadata": {
      "backend": "local",
      "stackName": "cdktf_serverless",
      "version": "0.20.12"
    },
    "outputs": {
    }
  },
  "data": {
    "aws_caller_identity": {
      "acount_id": {
        "//": {
          "metadata": {
            "path": "cdktf_serverless/acount_id",
            "uniqueId": "acount_id"
          }
        }
      }
    }
  },
  "provider": {
    "aws": [
      {
        "region": "us-east-1"
      }
    ]
  },
  "resource": {
    "aws_dynamodb_table": {
      "DynamodDB-table": {
        "//": {
          "metadata": {
            "path": "cdktf_serverless/DynamodDB-table",
            "uniqueId": "DynamodDB-table"
          }
        },
        "attribute": [
          {
            "name": "user",
            "type": "S"
          },
          {
            "name": "id",
            "type": "S"
          }
        ],
        "billing_mode": "PROVISIONED",
        "hash_key": "user",
        "name": "my_table",
        "range_key": "id",
        "read_capacity": 5,
        "write_capacity": 5
      }
    },
    "aws_s3_bucket": {
      "bucket": {
        "//": {
          "metadata": {
            "path": "cdktf_serverless/bucket",
            "uniqueId": "bucket"
          }
        },
        "bucket_prefix": ""
      }
    },
    "aws_s3_bucket_cors_configuration": {
      "cors": {
        "//": {
          "metadata": {
            "path": "cdktf_serverless/cors",
            "uniqueId": "cors"
          }
        },
        "bucket": "${aws_s3_bucket.bucket.id}",
        "cors_rule": [
          {
            "allowed_headers": [
              "*"
            ],
            "allowed_methods": [
              "GET",
              "HEAD",
              "PUT"
            ],
            "allowed_origins": [
              "*"
            ]
          }
        ]
      }
    }
  },
  "terraform": {
    "backend": {
      "local": {
        "path": "/home/ensai/postagram_ensai/terraform/terraform.cdktf_serverless.tfstate"
      }
    },
    "required_providers": {
      "aws": {
        "source": "aws",
        "version": "5.95.0"
      }
    }
  }
}